{
  "lectures/likelihood_bayes.md": {
    "hash": "b6558dc1d8da30c7d0243d39849894f4",
    "last_modified": 1757642355.350762,
    "last_translated": 1757644222.9616024
  },
  "lectures/wald_friedman.md": {
    "hash": "e2a33cd4e5b01b470d22c09640cdde9c",
    "last_modified": 1757644091.1972508,
    "last_translated": 1757644502.7967446
  },
  "../lectures/wald_friedman_2.md": {
    "hash": "9183cc1436d8a30c902a6d37539c72cb",
    "last_modified": 1757726776.0700061,
    "last_translated": 1757728691.896269
  },
  "../lectures/mix_model.md": {
    "hash": "4736e4eabe4c811e5fd864b604503597",
    "last_modified": 1757726815.7993617,
    "last_translated": 1757730283.8648303
  }
}