{
  "lectures/perm_income.md": {
    "hash": "8027e12b0d1a509907cf469ee574341d",
    "last_modified": 1742193379.0191963,
    "last_translated": 1742195625.260733
  },
  "lectures/troubleshooting.md": {
    "hash": "2c84670ef7e7723c08b6906e5b72fb27",
    "last_modified": 1742193379.0697775,
    "last_translated": 1742195639.494167
  },
  "lectures/ge_arrow.md": {
    "hash": "5c1af49891e38f2d26aeaf8fe7e5bf8b",
    "last_modified": 1742193378.837432,
    "last_translated": 1742195713.635284
  },
  "lectures/wealth_dynamics.md": {
    "hash": "759f0e7adb0e82e62b7b41eec57c80d8",
    "last_modified": 1742193379.101374,
    "last_translated": 1742195763.19976
  },
  "lectures/mix_model.md": {
    "hash": "884a2c9dac28974be201e2e5f7bd6481",
    "last_modified": 1742193378.9612448,
    "last_translated": 1742195875.9428968
  },
  "lectures/re_with_feedback.md": {
    "hash": "80762c68f36d7a3eca6256df085c8661",
    "last_modified": 1742193379.045698,
    "last_translated": 1742195997.016331
  },
  "lectures/inventory_dynamics.md": {
    "hash": "7fde683e1116b79773ed882b5df2e5f9",
    "last_modified": 1742193378.876982,
    "last_translated": 1742196065.7237408
  },
  "lectures/intro.md": {
    "hash": "a01cc0acbf3d97c9a82d8f3f018d4219",
    "last_modified": 1742193378.871891,
    "last_translated": 1742196068.084739
  },
  "lectures/status.md": {
    "hash": "ccf79b1f0f147e0e44607e07c8eaa5fc",
    "last_modified": 1742193379.0599775,
    "last_translated": 1742196071.0216908
  },
  "lectures/wald_friedman.md": {
    "hash": "c8d683dc458776645ba188326ec11ea5",
    "last_modified": 1742193379.0955558,
    "last_translated": 1742196088.6650162
  },
  "lectures/sir_model.md": {
    "hash": "e05399a3b0caa38b8c9553ff4b3d365f",
    "last_modified": 1742193379.0544574,
    "last_translated": 1742196158.392222
  },
  "lectures/opt_transport.md": {
    "hash": "393a5dad449f553cb6ba07df145686ee",
    "last_modified": 1742193378.9963984,
    "last_translated": 1742196255.114292
  },
  "lectures/mccall_model.md": {
    "hash": "cc395ec5222ba30f1d81540555e82286",
    "last_modified": 1742193378.9537675,
    "last_translated": 1742196305.3139808
  },
  "lectures/multi_hyper.md": {
    "hash": "c85e2ae2df4ff99ac3414ee9efc90c95",
    "last_modified": 1742193378.9702873,
    "last_translated": 1742196401.9877381
  },
  "lectures/mle.md": {
    "hash": "8c30dadee541133b4c05d5efcd3c1cf9",
    "last_modified": 1742193378.9635065,
    "last_translated": 1742196440.125151
  },
  "lectures/mccall_q.md": {
    "hash": "c5036eb7510b4f32dd80e61bced7c200",
    "last_modified": 1742193378.9558287,
    "last_translated": 1742196582.39528
  },
  "lectures/lln_clt.md": {
    "hash": "23b66956f1b1f6c25ff67776461cafb1",
    "last_modified": 1742193378.914302,
    "last_translated": 1742196640.484413
  },
  "lectures/hoist_failure.md": {
    "hash": "60e67e5ab745dc0c255075a41d47674e",
    "last_modified": 1742193378.8519914,
    "last_translated": 1742196740.1205518
  },
  "lectures/newton_method.md": {
    "hash": "90acc29bed46418ef80cd25614d7e48d",
    "last_modified": 1742193378.9850743,
    "last_translated": 1742196841.399981
  },
  "lectures/perm_income_cons.md": {
    "hash": "76b90a427ce9569af557007a559ff832",
    "last_modified": 1742193379.0140722,
    "last_translated": 1742196915.739697
  },
  "lectures/imp_sample.md": {
    "hash": "e17acfbbe72f108c14f4fd8b9a0017f5",
    "last_modified": 1742193378.8693507,
    "last_translated": 1742196961.0119739
  },
  "lectures/optgrowth_fast.md": {
    "hash": "ce84215df06b2f0cd1e4482f34364018",
    "last_modified": 1742193379.0014524,
    "last_translated": 1742196984.558659
  },
  "lectures/harrison_kreps.md": {
    "hash": "9926045884f3baf3b7f31b5c92aea79d",
    "last_modified": 1742193378.846141,
    "last_translated": 1742197100.608493
  },
  "lectures/lq_inventories.md": {
    "hash": "77dcb75b14f4783569107f7e1024a8d4",
    "last_modified": 1742193378.9191923,
    "last_translated": 1742197149.3313339
  },
  "lectures/markov_asset.md": {
    "hash": "1a7bd355889513557ed03796c0ce51d8",
    "last_modified": 1742193378.9297526,
    "last_translated": 1742197306.7671838
  },
  "lectures/rational_expectations.md": {
    "hash": "a257b6faf4f11a9a7772f9699869df71",
    "last_modified": 1742193379.0426712,
    "last_translated": 1742197343.752576
  },
  "lectures/markov_perf.md": {
    "hash": "506269428d3fd62e248173bbe5a419b2",
    "last_modified": 1742193378.9348679,
    "last_translated": 1742197511.658255
  },
  "lectures/lqcontrol.md": {
    "hash": "bb464e1c4d95d4e38ec5faeb008d56d1",
    "last_modified": 1742193378.9212067,
    "last_translated": 1742197617.224051
  },
  "lectures/kalman.md": {
    "hash": "fb7f5dc140a6f1c4307cb47e063131e9",
    "last_modified": 1742193378.8878865,
    "last_translated": 1742197682.1539981
  },
  "lectures/ifp.md": {
    "hash": "1d4e20d4123f2cb8a94e6a9889982654",
    "last_modified": 1742193378.863815,
    "last_translated": 1742197752.9636989
  },
  "lectures/two_auctions.md": {
    "hash": "38d9f21e41d4dc5b39e93fd47bb8d57f",
    "last_modified": 1742193379.0723503,
    "last_translated": 1742197921.121033
  },
  "lectures/multivariate_normal.md": {
    "hash": "bd97f06b8faf790607480fc51e65cda6",
    "last_modified": 1742193378.9759977,
    "last_translated": 1742198117.018036
  },
  "lectures/von_neumann_model.md": {
    "hash": "62daa80d47eff134a750ca5fe17f168a",
    "last_modified": 1742193379.08927,
    "last_translated": 1742198145.139241
  },
  "lectures/optgrowth.md": {
    "hash": "00b9207d2e3e93ce09b7c317d3a96e41",
    "last_modified": 1742193379.004255,
    "last_translated": 1742198267.2342458
  },
  "lectures/exchangeable.md": {
    "hash": "0ad6e8dde08608a5bd94104b7f8e196b",
    "last_modified": 1742193378.8295267,
    "last_translated": 1742198429.900707
  },
  "lectures/house_auction.md": {
    "hash": "3fc55cbb73d9b5e6945647b87c763815",
    "last_modified": 1742193378.8548117,
    "last_translated": 1742198437.5134678
  },
  "lectures/qr_decomp.md": {
    "hash": "2fca6392c1b7f75445fa9df4cabd12ef",
    "last_modified": 1742193379.0342953,
    "last_translated": 1742198528.4649339
  },
  "lectures/linear_algebra.md": {
    "hash": "57bd335602a5958cffbe7fa10a0a2953",
    "last_modified": 1742193378.9092934,
    "last_translated": 1742198689.9288461
  },
  "lectures/linear_models.md": {
    "hash": "156209c657fd72a3ea8c65502005eb79",
    "last_modified": 1742193378.9121091,
    "last_translated": 1742198780.757025
  },
  "lectures/zreferences.md": {
    "hash": "956de42c96df5c0e7c70590014dc0e31",
    "last_modified": 1742193379.11044,
    "last_translated": 1742198782.231174
  },
  "lectures/kalman_2.md": {
    "hash": "b9fc1572a88d78ddc8f42126bc58b92f",
    "last_modified": 1742193378.88552,
    "last_translated": 1742198810.754369
  },
  "lectures/mccall_fitted_vfi.md": {
    "hash": "e67afeb5fc464a1d2644ef690f101a02",
    "last_modified": 1742193378.9436839,
    "last_translated": 1742198853.689048
  },
  "lectures/svd_intro.md": {
    "hash": "c8a003f6357cf33f21f8ae324312d4d7",
    "last_modified": 1742193379.0668964,
    "last_translated": 1742199013.526934
  },
  "lectures/navy_captain.md": {
    "hash": "27066ce06854d454a2a20c274a71bf8b",
    "last_modified": 1742193378.9789858,
    "last_translated": 1742199085.416687
  },
  "lectures/likelihood_ratio_process.md": {
    "hash": "7c60c77d7c212e5346d4ba3832ef16c5",
    "last_modified": 1742193378.9042053,
    "last_translated": 1742199156.0807118
  },
  "lectures/samuelson.md": {
    "hash": "fba9a962771f0e5fcd7a355151c50e54",
    "last_modified": 1742193379.0515208,
    "last_translated": 1742199337.5519428
  },
  "lectures/rand_resp.md": {
    "hash": "09ecaee3eb9fc39a3cd2aaa72e39cd02",
    "last_modified": 1742193379.0371559,
    "last_translated": 1742199404.1484952
  },
  "lectures/prob_matrix.md": {
    "hash": "f15664657964d61f02d20ff649b379a7",
    "last_modified": 1742193379.021947,