{
  "lectures/likelihood_bayes.md": {
    "hash": "b6558dc1d8da30c7d0243d39849894f4",
    "last_modified": 1757642355.350762,
    "last_translated": 1757644222.9616024
  },
  "lectures/wald_friedman.md": {
    "hash": "e2a33cd4e5b01b470d22c09640cdde9c",
    "last_modified": 1757644091.1972508,
    "last_translated": 1757644502.7967446
  }
}